Metric,Kruskal-Wallis H,p-value
DL,890.9162943608773,2.460483779183269e-190
JW,1186.2572200235595,2.7842137474981973e-254
test_accuracy,318.4638472529851,1.07139083378046e-66
