Metric,Kruskal-Wallis H,p-value
DL,423.06528732329804,3.162612492080975e-89
JW,1134.5698174170293,4.360215654878119e-243
test_accuracy,1009.8782223051105,4.36759284190022e-216
