Metric,Kruskal-Wallis H,p-value
DL,415.9970478990705,1.0567473219081877e-87
JW,1279.2444137678472,2.0038823877321942e-274
test_accuracy,868.0561896370334,2.1783820385517524e-185
